<?xml version="1.0" encoding="UTF-8"?>
<spirit:component xmlns:xilinx="http://www.xilinx.com"
		xmlns:spirit="http://www.spiritconsortium.org/XMLSchema/SPIRIT/1685-2009"
		xmlns:xsi="http://www.w3.org/2001/XMLSchema-instance">
	<spirit:vendor>avnet</spirit:vendor>
	<spirit:library>onsemi_vita</spirit:library>
	<spirit:name>onsemi_vita_spi</spirit:name>
	<spirit:version>3.3</spirit:version>
	<spirit:busInterfaces>
		<spirit:busInterface>
			<spirit:name>S00_AXI</spirit:name>
			<spirit:busType spirit:vendor="xilinx.com"
					spirit:library="interface"
					spirit:name="aximm"
					spirit:version="1.0"/>
			<spirit:abstractionType spirit:vendor="xilinx.com"
					spirit:library="interface"
					spirit:name="aximm_rtl"
					spirit:version="1.0"/>
			<spirit:slave>
				<spirit:memoryMapRef spirit:memoryMapRef="S00_AXI"/>
			</spirit:slave>
			<spirit:portMaps>
				<spirit:portMap>
					<spirit:logicalPort>
						<spirit:name>AWADDR</spirit:name>
					</spirit:logicalPort>
					<spirit:physicalPort>
						<spirit:name>s00_axi_awaddr</spirit:name>
					</spirit:physicalPort>
				</spirit:portMap>
				<spirit:portMap>
					<spirit:logicalPort>
						<spirit:name>AWPROT</spirit:name>
					</spirit:logicalPort>
					<spirit:physicalPort>
						<spirit:name>s00_axi_awprot</spirit:name>
					</spirit:physicalPort>
				</spirit:portMap>
				<spirit:portMap>
					<spirit:logicalPort>
						<spirit:name>AWVALID</spirit:name>
					</spirit:logicalPort>
					<spirit:physicalPort>
						<spirit:name>s00_axi_awvalid</spirit:name>
					</spirit:physicalPort>
				</spirit:portMap>
				<spirit:portMap>
					<spirit:logicalPort>
						<spirit:name>AWREADY</spirit:name>
					</spirit:logicalPort>
					<spirit:physicalPort>
						<spirit:name>s00_axi_awready</spirit:name>
					</spirit:physicalPort>
				</spirit:portMap>
				<spirit:portMap>
					<spirit:logicalPort>
						<spirit:name>WDATA</spirit:name>
					</spirit:logicalPort>
					<spirit:physicalPort>
						<spirit:name>s00_axi_wdata</spirit:name>
					</spirit:physicalPort>
				</spirit:portMap>
				<spirit:portMap>
					<spirit:logicalPort>
						<spirit:name>WSTRB</spirit:name>
					</spirit:logicalPort>
					<spirit:physicalPort>
						<spirit:name>s00_axi_wstrb</spirit:name>
					</spirit:physicalPort>
				</spirit:portMap>
				<spirit:portMap>
					<spirit:logicalPort>
						<spirit:name>WVALID</spirit:name>
					</spirit:logicalPort>
					<spirit:physicalPort>
						<spirit:name>s00_axi_wvalid</spirit:name>
					</spirit:physicalPort>
				</spirit:portMap>
				<spirit:portMap>
					<spirit:logicalPort>
						<spirit:name>WREADY</spirit:name>
					</spirit:logicalPort>
					<spirit:physicalPort>
						<spirit:name>s00_axi_wready</spirit:name>
					</spirit:physicalPort>
				</spirit:portMap>
				<spirit:portMap>
					<spirit:logicalPort>
						<spirit:name>BRESP</spirit:name>
					</spirit:logicalPort>
					<spirit:physicalPort>
						<spirit:name>s00_axi_bresp</spirit:name>
					</spirit:physicalPort>
				</spirit:portMap>
				<spirit:portMap>
					<spirit:logicalPort>
						<spirit:name>BVALID</spirit:name>
					</spirit:logicalPort>
					<spirit:physicalPort>
						<spirit:name>s00_axi_bvalid</spirit:name>
					</spirit:physicalPort>
				</spirit:portMap>
				<spirit:portMap>
					<spirit:logicalPort>
						<spirit:name>BREADY</spirit:name>
					</spirit:logicalPort>
					<spirit:physicalPort>
						<spirit:name>s00_axi_bready</spirit:name>
					</spirit:physicalPort>
				</spirit:portMap>
				<spirit:portMap>
					<spirit:logicalPort>
						<spirit:name>ARADDR</spirit:name>
					</spirit:logicalPort>
					<spirit:physicalPort>
						<spirit:name>s00_axi_araddr</spirit:name>
					</spirit:physicalPort>
				</spirit:portMap>
				<spirit:portMap>
					<spirit:logicalPort>
						<spirit:name>ARPROT</spirit:name>
					</spirit:logicalPort>
					<spirit:physicalPort>
						<spirit:name>s00_axi_arprot</spirit:name>
					</spirit:physicalPort>
				</spirit:portMap>
				<spirit:portMap>
					<spirit:logicalPort>
						<spirit:name>ARVALID</spirit:name>
					</spirit:logicalPort>
					<spirit:physicalPort>
						<spirit:name>s00_axi_arvalid</spirit:name>
					</spirit:physicalPort>
				</spirit:portMap>
				<spirit:portMap>
					<spirit:logicalPort>
						<spirit:name>ARREADY</spirit:name>
					</spirit:logicalPort>
					<spirit:physicalPort>
						<spirit:name>s00_axi_arready</spirit:name>
					</spirit:physicalPort>
				</spirit:portMap>
				<spirit:portMap>
					<spirit:logicalPort>
						<spirit:name>RDATA</spirit:name>
					</spirit:logicalPort>
					<spirit:physicalPort>
						<spirit:name>s00_axi_rdata</spirit:name>
					</spirit:physicalPort>
				</spirit:portMap>
				<spirit:portMap>
					<spirit:logicalPort>
						<spirit:name>RRESP</spirit:name>
					</spirit:logicalPort>
					<spirit:physicalPort>
						<spirit:name>s00_axi_rresp</spirit:name>
					</spirit:physicalPort>
				</spirit:portMap>
				<spirit:portMap>
					<spirit:logicalPort>
						<spirit:name>RVALID</spirit:name>
					</spirit:logicalPort>
					<spirit:physicalPort>
						<spirit:name>s00_axi_rvalid</spirit:name>
					</spirit:physicalPort>
				</spirit:portMap>
				<spirit:portMap>
					<spirit:logicalPort>
						<spirit:name>RREADY</spirit:name>
					</spirit:logicalPort>
					<spirit:physicalPort>
						<spirit:name>s00_axi_rready</spirit:name>
					</spirit:physicalPort>
				</spirit:portMap>
			</spirit:portMaps>
			<spirit:parameters>
				<spirit:parameter>
					<spirit:name>DATA_WIDTH</spirit:name>
					<spirit:value spirit:format="long"
							spirit:id="BUSIFPARAM_VALUE.S00_AXI.DATA_WIDTH"
							spirit:choiceRef="choices_0">32</spirit:value>
				</spirit:parameter>
				<spirit:parameter>
					<spirit:name>NUM_REG</spirit:name>
					<spirit:value spirit:format="long"
							spirit:id="BUSIFPARAM_VALUE.S00_AXI.NUM_REG"
							spirit:minimum="4"
							spirit:maximum="512"
							spirit:rangeType="long">64</spirit:value>
				</spirit:parameter>
			</spirit:parameters>
		</spirit:busInterface>
		<spirit:busInterface>
			<spirit:name>S00_AXI_RST</spirit:name>
			<spirit:busType spirit:vendor="xilinx.com"
					spirit:library="signal"
					spirit:name="reset"
					spirit:version="1.0"/>
			<spirit:abstractionType spirit:vendor="xilinx.com"
					spirit:library="signal"
					spirit:name="reset_rtl"
					spirit:version="1.0"/>
			<spirit:slave/>
			<spirit:portMaps>
				<spirit:portMap>
					<spirit:logicalPort>
						<spirit:name>RST</spirit:name>
					</spirit:logicalPort>
					<spirit:physicalPort>
						<spirit:name>s00_axi_aresetn</spirit:name>
					</spirit:physicalPort>
				</spirit:portMap>
			</spirit:portMaps>
			<spirit:parameters>
				<spirit:parameter>
					<spirit:name>POLARITY</spirit:name>
					<spirit:value spirit:id="BUSIFPARAM_VALUE.S00_AXI_RST.POLARITY">ACTIVE_LOW</spirit:value>
				</spirit:parameter>
			</spirit:parameters>
		</spirit:busInterface>
		<spirit:busInterface>
			<spirit:name>S00_AXI_CLK</spirit:name>
			<spirit:busType spirit:vendor="xilinx.com"
					spirit:library="signal"
					spirit:name="clock"
					spirit:version="1.0"/>
			<spirit:abstractionType spirit:vendor="xilinx.com"
					spirit:library="signal"
					spirit:name="clock_rtl"
					spirit:version="1.0"/>
			<spirit:slave/>
			<spirit:portMaps>
				<spirit:portMap>
					<spirit:logicalPort>
						<spirit:name>CLK</spirit:name>
					</spirit:logicalPort>
					<spirit:physicalPort>
						<spirit:name>s00_axi_aclk</spirit:name>
					</spirit:physicalPort>
				</spirit:portMap>
			</spirit:portMaps>
			<spirit:parameters>
				<spirit:parameter>
					<spirit:name>ASSOCIATED_BUSIF</spirit:name>
					<spirit:value spirit:id="BUSIFPARAM_VALUE.S00_AXI_CLK.ASSOCIATED_BUSIF">S00_AXI</spirit:value>
				</spirit:parameter>
				<spirit:parameter>
					<spirit:name>ASSOCIATED_RESET</spirit:name>
					<spirit:value spirit:id="BUSIFPARAM_VALUE.S00_AXI_CLK.ASSOCIATED_RESET">s00_axi_aresetn</spirit:value>
				</spirit:parameter>
			</spirit:parameters>
		</spirit:busInterface>
		<spirit:busInterface>
			<spirit:name>IO_SPI_OUT</spirit:name>
			<spirit:displayName>IO_SPI_OUT</spirit:displayName>
			<spirit:description>ON Semiconductor VITA SPI Controller Interface (IO pins)</spirit:description>
			<spirit:busType spirit:vendor="avnet.com"
					spirit:library="interface"
					spirit:name="onsemi_vita_spi"
					spirit:version="1.0"/>
			<spirit:abstractionType spirit:vendor="avnet.com"
					spirit:library="interface"
					spirit:name="onsemi_vita_spi_rtl"
					spirit:version="1.0"/>
			<spirit:master/>
			<spirit:portMaps>
				<spirit:portMap>
					<spirit:logicalPort>
						<spirit:name>spi_sclk</spirit:name>
					</spirit:logicalPort>
					<spirit:physicalPort>
						<spirit:name>io_vita_spi_sclk</spirit:name>
					</spirit:physicalPort>
				</spirit:portMap>
				<spirit:portMap>
					<spirit:logicalPort>
						<spirit:name>spi_ssel_n</spirit:name>
					</spirit:logicalPort>
					<spirit:physicalPort>
						<spirit:name>io_vita_spi_ssel_n</spirit:name>
					</spirit:physicalPort>
				</spirit:portMap>
				<spirit:portMap>
					<spirit:logicalPort>
						<spirit:name>spi_mosi</spirit:name>
					</spirit:logicalPort>
					<spirit:physicalPort>
						<spirit:name>io_vita_spi_mosi</spirit:name>
					</spirit:physicalPort>
				</spirit:portMap>
				<spirit:portMap>
					<spirit:logicalPort>
						<spirit:name>spi_miso</spirit:name>
					</spirit:logicalPort>
					<spirit:physicalPort>
						<spirit:name>io_vita_spi_miso</spirit:name>
					</spirit:physicalPort>
				</spirit:portMap>
			</spirit:portMaps>
		</spirit:busInterface>
	</spirit:busInterfaces>
	<spirit:memoryMaps>
		<spirit:memoryMap>
			<spirit:name>S00_AXI</spirit:name>
			<spirit:addressBlock>
				<spirit:name>Reg</spirit:name>
				<spirit:baseAddress spirit:format="bitString"
						spirit:resolve="user"
						spirit:bitStringLength="32">0</spirit:baseAddress>
				<spirit:range spirit:format="long">65536</spirit:range>
				<spirit:width spirit:format="long">32</spirit:width>
				<spirit:usage>register</spirit:usage>
				<spirit:parameters>
					<spirit:parameter>
						<spirit:name>OFFSET_BASE_PARAM</spirit:name>
						<spirit:value spirit:id="ADDRBLOCKPARAM_VALUE.S00_AXI_REG.OFFSET_BASE_PARAM"
								spirit:dependency="ADDRBLOCKPARAM_VALUE.S00_AXI_reg.OFFSET_BASE_PARAM">C_S00_AXI_BASEADDR</spirit:value>
					</spirit:parameter>
					<spirit:parameter>
						<spirit:name>OFFSET_HIGH_PARAM</spirit:name>
						<spirit:value spirit:id="ADDRBLOCKPARAM_VALUE.S00_AXI_REG.OFFSET_HIGH_PARAM"
								spirit:dependency="ADDRBLOCKPARAM_VALUE.S00_AXI_reg.OFFSET_HIGH_PARAM">C_S00_AXI_HIGHADDR</spirit:value>
					</spirit:parameter>
				</spirit:parameters>
			</spirit:addressBlock>
		</spirit:memoryMap>
	</spirit:memoryMaps>
	<spirit:model>
		<spirit:views>
			<spirit:view>
				<spirit:name>xilinx_vhdlsynthesis</spirit:name>
				<spirit:displayName>VHDL Synthesis</spirit:displayName>
				<spirit:envIdentifier>vhdlSource:vivado.xilinx.com:synthesis</spirit:envIdentifier>
				<spirit:language>vhdl</spirit:language>
				<spirit:modelName>onsemi_vita_spi_v3_1</spirit:modelName>
				<spirit:fileSetRef>
					<spirit:localName>xilinx_vhdlsynthesis_view_fileset</spirit:localName>
				</spirit:fileSetRef>
				<spirit:parameters>
					<spirit:parameter>
						<spirit:name>viewChecksum</spirit:name>
						<spirit:value>2be4fd21</spirit:value>
					</spirit:parameter>
				</spirit:parameters>
			</spirit:view>
			<spirit:view>
				<spirit:name>xilinx_vhdlbehavioralsimulation</spirit:name>
				<spirit:displayName>VHDL Simulation</spirit:displayName>
				<spirit:envIdentifier>vhdlSource:vivado.xilinx.com:simulation</spirit:envIdentifier>
				<spirit:language>vhdl</spirit:language>
				<spirit:modelName>onsemi_vita_spi_v3_1</spirit:modelName>
				<spirit:fileSetRef>
					<spirit:localName>xilinx_vhdlbehavioralsimulation_view_fileset</spirit:localName>
				</spirit:fileSetRef>
				<spirit:parameters>
					<spirit:parameter>
						<spirit:name>viewChecksum</spirit:name>
						<spirit:value>2be4fd21</spirit:value>
					</spirit:parameter>
				</spirit:parameters>
			</spirit:view>
			<spirit:view>
				<spirit:name>xilinx_xpgui</spirit:name>
				<spirit:displayName>UI Layout</spirit:displayName>
				<spirit:envIdentifier>:vivado.xilinx.com:xgui.ui</spirit:envIdentifier>
				<spirit:fileSetRef>
					<spirit:localName>xilinx_xpgui_view_fileset</spirit:localName>
				</spirit:fileSetRef>
				<spirit:parameters>
					<spirit:parameter>
						<spirit:name>viewChecksum</spirit:name>
						<spirit:value>f77ccff2</spirit:value>
					</spirit:parameter>
				</spirit:parameters>
			</spirit:view>
			<spirit:view>
				<spirit:name>bd_tcl</spirit:name>
				<spirit:displayName>Block Diagram</spirit:displayName>
				<spirit:envIdentifier>:vivado.xilinx.com:block.diagram</spirit:envIdentifier>
				<spirit:fileSetRef>
					<spirit:localName>bd_tcl_view_fileset</spirit:localName>
				</spirit:fileSetRef>
				<spirit:parameters>
					<spirit:parameter>
						<spirit:name>viewChecksum</spirit:name>
						<spirit:value>16328387</spirit:value>
					</spirit:parameter>
				</spirit:parameters>
			</spirit:view>
		</spirit:views>
		<spirit:ports>
			<spirit:port>
				<spirit:name>oe</spirit:name>
				<spirit:wire>
					<spirit:direction>in</spirit:direction>
					<spirit:wireTypeDefs>
						<spirit:wireTypeDef>
							<spirit:typeName>std_logic</spirit:typeName>
							<spirit:viewNameRef>xilinx_vhdlsynthesis</spirit:viewNameRef>
							<spirit:viewNameRef>xilinx_vhdlbehavioralsimulation</spirit:viewNameRef>
						</spirit:wireTypeDef>
					</spirit:wireTypeDefs>
					<spirit:driver>
						<spirit:defaultValue>1</spirit:defaultValue>
					</spirit:driver>
				</spirit:wire>
			</spirit:port>
			<spirit:port>
				<spirit:name>io_vita_spi_sclk</spirit:name>
				<spirit:wire>
					<spirit:direction>out</spirit:direction>
					<spirit:wireTypeDefs>
						<spirit:wireTypeDef>
							<spirit:typeName>std_logic</spirit:typeName>
							<spirit:viewNameRef>xilinx_vhdlsynthesis</spirit:viewNameRef>
							<spirit:viewNameRef>xilinx_vhdlbehavioralsimulation</spirit:viewNameRef>
						</spirit:wireTypeDef>
					</spirit:wireTypeDefs>
				</spirit:wire>
			</spirit:port>
			<spirit:port>
				<spirit:name>io_vita_spi_ssel_n</spirit:name>
				<spirit:wire>
					<spirit:direction>out</spirit:direction>
					<spirit:wireTypeDefs>
						<spirit:wireTypeDef>
							<spirit:typeName>std_logic</spirit:typeName>
							<spirit:viewNameRef>xilinx_vhdlsynthesis</spirit:viewNameRef>
							<spirit:viewNameRef>xilinx_vhdlbehavioralsimulation</spirit:viewNameRef>
						</spirit:wireTypeDef>
					</spirit:wireTypeDefs>
				</spirit:wire>
			</spirit:port>
			<spirit:port>
				<spirit:name>io_vita_spi_mosi</spirit:name>
				<spirit:wire>
					<spirit:direction>out</spirit:direction>
					<spirit:wireTypeDefs>
						<spirit:wireTypeDef>
							<spirit:typeName>std_logic</spirit:typeName>
							<spirit:viewNameRef>xilinx_vhdlsynthesis</spirit:viewNameRef>
							<spirit:viewNameRef>xilinx_vhdlbehavioralsimulation</spirit:viewNameRef>
						</spirit:wireTypeDef>
					</spirit:wireTypeDefs>
				</spirit:wire>
			</spirit:port>
			<spirit:port>
				<spirit:name>io_vita_spi_miso</spirit:name>
				<spirit:wire>
					<spirit:direction>in</spirit:direction>
					<spirit:wireTypeDefs>
						<spirit:wireTypeDef>
							<spirit:typeName>std_logic</spirit:typeName>
							<spirit:viewNameRef>xilinx_vhdlsynthesis</spirit:viewNameRef>
							<spirit:viewNameRef>xilinx_vhdlbehavioralsimulation</spirit:viewNameRef>
						</spirit:wireTypeDef>
					</spirit:wireTypeDefs>
				</spirit:wire>
			</spirit:port>
			<spirit:port>
				<spirit:name>debug_spi_o</spirit:name>
				<spirit:wire>
					<spirit:direction>out</spirit:direction>
					<spirit:vector>
						<spirit:left spirit:format="long"
								spirit:resolve="immediate">95</spirit:left>
						<spirit:right spirit:format="long"
								spirit:resolve="immediate">0</spirit:right>
					</spirit:vector>
					<spirit:wireTypeDefs>
						<spirit:wireTypeDef>
							<spirit:typeName>std_logic_vector</spirit:typeName>
							<spirit:viewNameRef>xilinx_vhdlsynthesis</spirit:viewNameRef>
							<spirit:viewNameRef>xilinx_vhdlbehavioralsimulation</spirit:viewNameRef>
						</spirit:wireTypeDef>
					</spirit:wireTypeDefs>
				</spirit:wire>
				<spirit:vendorExtensions>
					<xilinx:portInfo>
						<xilinx:enablement>
							<xilinx:presence>optional</xilinx:presence>
							<xilinx:isEnabled xilinx:resolve="dependent"
									xilinx:dependency="spirit:decode(id(&apos;PARAM_VALUE.C_DEBUG_PORT&apos;))">false</xilinx:isEnabled>
						</xilinx:enablement>
					</xilinx:portInfo>
				</spirit:vendorExtensions>
			</spirit:port>
			<spirit:port>
				<spirit:name>s00_axi_aclk</spirit:name>
				<spirit:wire>
					<spirit:direction>in</spirit:direction>
					<spirit:wireTypeDefs>
						<spirit:wireTypeDef>
							<spirit:typeName>std_logic</spirit:typeName>
							<spirit:viewNameRef>xilinx_vhdlsynthesis</spirit:viewNameRef>
							<spirit:viewNameRef>xilinx_vhdlbehavioralsimulation</spirit:viewNameRef>
						</spirit:wireTypeDef>
					</spirit:wireTypeDefs>
				</spirit:wire>
			</spirit:port>
			<spirit:port>
				<spirit:name>s00_axi_aresetn</spirit:name>
				<spirit:wire>
					<spirit:direction>in</spirit:direction>
					<spirit:wireTypeDefs>
						<spirit:wireTypeDef>
							<spirit:typeName>std_logic</spirit:typeName>
							<spirit:viewNameRef>xilinx_vhdlsynthesis</spirit:viewNameRef>
							<spirit:viewNameRef>xilinx_vhdlbehavioralsimulation</spirit:viewNameRef>
						</spirit:wireTypeDef>
					</spirit:wireTypeDefs>
				</spirit:wire>
			</spirit:port>
			<spirit:port>
				<spirit:name>s00_axi_awaddr</spirit:name>
				<spirit:wire>
					<spirit:direction>in</spirit:direction>
					<spirit:vector>
						<spirit:left spirit:format="long"
								spirit:resolve="dependent"
								spirit:dependency="(spirit:decode(id(&apos;MODELPARAM_VALUE.C_S00_AXI_ADDR_WIDTH&apos;)) - 1)">7</spirit:left>
						<spirit:right spirit:format="long"
								spirit:resolve="immediate">0</spirit:right>
					</spirit:vector>
					<spirit:wireTypeDefs>
						<spirit:wireTypeDef>
							<spirit:typeName>std_logic_vector</spirit:typeName>
							<spirit:viewNameRef>xilinx_vhdlsynthesis</spirit:viewNameRef>
							<spirit:viewNameRef>xilinx_vhdlbehavioralsimulation</spirit:viewNameRef>
						</spirit:wireTypeDef>
					</spirit:wireTypeDefs>
				</spirit:wire>
			</spirit:port>
			<spirit:port>
				<spirit:name>s00_axi_awprot</spirit:name>
				<spirit:wire>
					<spirit:direction>in</spirit:direction>
					<spirit:vector>
						<spirit:left spirit:format="long"
								spirit:resolve="immediate">2</spirit:left>
						<spirit:right spirit:format="long"
								spirit:resolve="immediate">0</spirit:right>
					</spirit:vector>
					<spirit:wireTypeDefs>
						<spirit:wireTypeDef>
							<spirit:typeName>std_logic_vector</spirit:typeName>
							<spirit:viewNameRef>xilinx_vhdlsynthesis</spirit:viewNameRef>
							<spirit:viewNameRef>xilinx_vhdlbehavioralsimulation</spirit:viewNameRef>
						</spirit:wireTypeDef>
					</spirit:wireTypeDefs>
				</spirit:wire>
			</spirit:port>
			<spirit:port>
				<spirit:name>s00_axi_awvalid</spirit:name>
				<spirit:wire>
					<spirit:direction>in</spirit:direction>
					<spirit:wireTypeDefs>
						<spirit:wireTypeDef>
							<spirit:typeName>std_logic</spirit:typeName>
							<spirit:viewNameRef>xilinx_vhdlsynthesis</spirit:viewNameRef>
							<spirit:viewNameRef>xilinx_vhdlbehavioralsimulation</spirit:viewNameRef>
						</spirit:wireTypeDef>
					</spirit:wireTypeDefs>
				</spirit:wire>
			</spirit:port>
			<spirit:port>
				<spirit:name>s00_axi_awready</spirit:name>
				<spirit:wire>
					<spirit:direction>out</spirit:direction>
					<spirit:wireTypeDefs>
						<spirit:wireTypeDef>
							<spirit:typeName>std_logic</spirit:typeName>
							<spirit:viewNameRef>xilinx_vhdlsynthesis</spirit:viewNameRef>
							<spirit:viewNameRef>xilinx_vhdlbehavioralsimulation</spirit:viewNameRef>
						</spirit:wireTypeDef>
					</spirit:wireTypeDefs>
				</spirit:wire>
			</spirit:port>
			<spirit:port>
				<spirit:name>s00_axi_wdata</spirit:name>
				<spirit:wire>
					<spirit:direction>in</spirit:direction>
					<spirit:vector>
						<spirit:left spirit:format="long"
								spirit:resolve="dependent"
								spirit:dependency="(spirit:decode(id(&apos;MODELPARAM_VALUE.C_S00_AXI_DATA_WIDTH&apos;)) - 1)">31</spirit:left>
						<spirit:right spirit:format="long"
								spirit:resolve="immediate">0</spirit:right>
					</spirit:vector>
					<spirit:wireTypeDefs>
						<spirit:wireTypeDef>
							<spirit:typeName>std_logic_vector</spirit:typeName>
							<spirit:viewNameRef>xilinx_vhdlsynthesis</spirit:viewNameRef>
							<spirit:viewNameRef>xilinx_vhdlbehavioralsimulation</spirit:viewNameRef>
						</spirit:wireTypeDef>
					</spirit:wireTypeDefs>
				</spirit:wire>
			</spirit:port>
			<spirit:port>
				<spirit:name>s00_axi_wstrb</spirit:name>
				<spirit:wire>
					<spirit:direction>in</spirit:direction>
					<spirit:vector>
						<spirit:left spirit:format="long"
								spirit:resolve="dependent"
								spirit:dependency="((spirit:decode(id(&apos;MODELPARAM_VALUE.C_S00_AXI_DATA_WIDTH&apos;)) / 8) - 1)">3</spirit:left>
						<spirit:right spirit:format="long"
								spirit:resolve="immediate">0</spirit:right>
					</spirit:vector>
					<spirit:wireTypeDefs>
						<spirit:wireTypeDef>
							<spirit:typeName>std_logic_vector</spirit:typeName>
							<spirit:viewNameRef>xilinx_vhdlsynthesis</spirit:viewNameRef>
							<spirit:viewNameRef>xilinx_vhdlbehavioralsimulation</spirit:viewNameRef>
						</spirit:wireTypeDef>
					</spirit:wireTypeDefs>
				</spirit:wire>
			</spirit:port>
			<spirit:port>
				<spirit:name>s00_axi_wvalid</spirit:name>
				<spirit:wire>
					<spirit:direction>in</spirit:direction>
					<spirit:wireTypeDefs>
						<spirit:wireTypeDef>
							<spirit:typeName>std_logic</spirit:typeName>
							<spirit:viewNameRef>xilinx_vhdlsynthesis</spirit:viewNameRef>
							<spirit:viewNameRef>xilinx_vhdlbehavioralsimulation</spirit:viewNameRef>
						</spirit:wireTypeDef>
					</spirit:wireTypeDefs>
				</spirit:wire>
			</spirit:port>
			<spirit:port>
				<spirit:name>s00_axi_wready</spirit:name>
				<spirit:wire>
					<spirit:direction>out</spirit:direction>
					<spirit:wireTypeDefs>
						<spirit:wireTypeDef>
							<spirit:typeName>std_logic</spirit:typeName>
							<spirit:viewNameRef>xilinx_vhdlsynthesis</spirit:viewNameRef>
							<spirit:viewNameRef>xilinx_vhdlbehavioralsimulation</spirit:viewNameRef>
						</spirit:wireTypeDef>
					</spirit:wireTypeDefs>
				</spirit:wire>
			</spirit:port>
			<spirit:port>
				<spirit:name>s00_axi_bresp</spirit:name>
				<spirit:wire>
					<spirit:direction>out</spirit:direction>
					<spirit:vector>
						<spirit:left spirit:format="long"
								spirit:resolve="immediate">1</spirit:left>
						<spirit:right spirit:format="long"
								spirit:resolve="immediate">0</spirit:right>
					</spirit:vector>
					<spirit:wireTypeDefs>
						<spirit:wireTypeDef>
							<spirit:typeName>std_logic_vector</spirit:typeName>
							<spirit:viewNameRef>xilinx_vhdlsynthesis</spirit:viewNameRef>
							<spirit:viewNameRef>xilinx_vhdlbehavioralsimulation</spirit:viewNameRef>
						</spirit:wireTypeDef>
					</spirit:wireTypeDefs>
				</spirit:wire>
			</spirit:port>
			<spirit:port>
				<spirit:name>s00_axi_bvalid</spirit:name>
				<spirit:wire>
					<spirit:direction>out</spirit:direction>
					<spirit:wireTypeDefs>
						<spirit:wireTypeDef>
							<spirit:typeName>std_logic</spirit:typeName>
							<spirit:viewNameRef>xilinx_vhdlsynthesis</spirit:viewNameRef>
							<spirit:viewNameRef>xilinx_vhdlbehavioralsimulation</spirit:viewNameRef>
						</spirit:wireTypeDef>
					</spirit:wireTypeDefs>
				</spirit:wire>
			</spirit:port>
			<spirit:port>
				<spirit:name>s00_axi_bready</spirit:name>
				<spirit:wire>
					<spirit:direction>in</spirit:direction>
					<spirit:wireTypeDefs>
						<spirit:wireTypeDef>
							<spirit:typeName>std_logic</spirit:typeName>
							<spirit:viewNameRef>xilinx_vhdlsynthesis</spirit:viewNameRef>
							<spirit:viewNameRef>xilinx_vhdlbehavioralsimulation</spirit:viewNameRef>
						</spirit:wireTypeDef>
					</spirit:wireTypeDefs>
				</spirit:wire>
			</spirit:port>
			<spirit:port>
				<spirit:name>s00_axi_araddr</spirit:name>
				<spirit:wire>
					<spirit:direction>in</spirit:direction>
					<spirit:vector>
						<spirit:left spirit:format="long"
								spirit:resolve="dependent"
								spirit:dependency="(spirit:decode(id(&apos;MODELPARAM_VALUE.C_S00_AXI_ADDR_WIDTH&apos;)) - 1)">7</spirit:left>
						<spirit:right spirit:format="long"
								spirit:resolve="immediate">0</spirit:right>
					</spirit:vector>
					<spirit:wireTypeDefs>
						<spirit:wireTypeDef>
							<spirit:typeName>std_logic_vector</spirit:typeName>
							<spirit:viewNameRef>xilinx_vhdlsynthesis</spirit:viewNameRef>
							<spirit:viewNameRef>xilinx_vhdlbehavioralsimulation</spirit:viewNameRef>
						</spirit:wireTypeDef>
					</spirit:wireTypeDefs>
				</spirit:wire>
			</spirit:port>
			<spirit:port>
				<spirit:name>s00_axi_arprot</spirit:name>
				<spirit:wire>
					<spirit:direction>in</spirit:direction>
					<spirit:vector>
						<spirit:left spirit:format="long"
								spirit:resolve="immediate">2</spirit:left>
						<spirit:right spirit:format="long"
								spirit:resolve="immediate">0</spirit:right>
					</spirit:vector>
					<spirit:wireTypeDefs>
						<spirit:wireTypeDef>
							<spirit:typeName>std_logic_vector</spirit:typeName>
							<spirit:viewNameRef>xilinx_vhdlsynthesis</spirit:viewNameRef>
							<spirit:viewNameRef>xilinx_vhdlbehavioralsimulation</spirit:viewNameRef>
						</spirit:wireTypeDef>
					</spirit:wireTypeDefs>
				</spirit:wire>
			</spirit:port>
			<spirit:port>
				<spirit:name>s00_axi_arvalid</spirit:name>
				<spirit:wire>
					<spirit:direction>in</spirit:direction>
					<spirit:wireTypeDefs>
						<spirit:wireTypeDef>
							<spirit:typeName>std_logic</spirit:typeName>
							<spirit:viewNameRef>xilinx_vhdlsynthesis</spirit:viewNameRef>
							<spirit:viewNameRef>xilinx_vhdlbehavioralsimulation</spirit:viewNameRef>
						</spirit:wireTypeDef>
					</spirit:wireTypeDefs>
				</spirit:wire>
			</spirit:port>
			<spirit:port>
				<spirit:name>s00_axi_arready</spirit:name>
				<spirit:wire>
					<spirit:direction>out</spirit:direction>
					<spirit:wireTypeDefs>
						<spirit:wireTypeDef>
							<spirit:typeName>std_logic</spirit:typeName>
							<spirit:viewNameRef>xilinx_vhdlsynthesis</spirit:viewNameRef>
							<spirit:viewNameRef>xilinx_vhdlbehavioralsimulation</spirit:viewNameRef>
						</spirit:wireTypeDef>
					</spirit:wireTypeDefs>
				</spirit:wire>
			</spirit:port>
			<spirit:port>
				<spirit:name>s00_axi_rdata</spirit:name>
				<spirit:wire>
					<spirit:direction>out</spirit:direction>
					<spirit:vector>
						<spirit:left spirit:format="long"
								spirit:resolve="dependent"
								spirit:dependency="(spirit:decode(id(&apos;MODELPARAM_VALUE.C_S00_AXI_DATA_WIDTH&apos;)) - 1)">31</spirit:left>
						<spirit:right spirit:format="long"
								spirit:resolve="immediate">0</spirit:right>
					</spirit:vector>
					<spirit:wireTypeDefs>
						<spirit:wireTypeDef>
							<spirit:typeName>std_logic_vector</spirit:typeName>
							<spirit:viewNameRef>xilinx_vhdlsynthesis</spirit:viewNameRef>
							<spirit:viewNameRef>xilinx_vhdlbehavioralsimulation</spirit:viewNameRef>
						</spirit:wireTypeDef>
					</spirit:wireTypeDefs>
				</spirit:wire>
			</spirit:port>
			<spirit:port>
				<spirit:name>s00_axi_rresp</spirit:name>
				<spirit:wire>
					<spirit:direction>out</spirit:direction>
					<spirit:vector>
						<spirit:left spirit:format="long"
								spirit:resolve="immediate">1</spirit:left>
						<spirit:right spirit:format="long"
								spirit:resolve="immediate">0</spirit:right>
					</spirit:vector>
					<spirit:wireTypeDefs>
						<spirit:wireTypeDef>
							<spirit:typeName>std_logic_vector</spirit:typeName>
							<spirit:viewNameRef>xilinx_vhdlsynthesis</spirit:viewNameRef>
							<spirit:viewNameRef>xilinx_vhdlbehavioralsimulation</spirit:viewNameRef>
						</spirit:wireTypeDef>
					</spirit:wireTypeDefs>
				</spirit:wire>
			</spirit:port>
			<spirit:port>
				<spirit:name>s00_axi_rvalid</spirit:name>
				<spirit:wire>
					<spirit:direction>out</spirit:direction>
					<spirit:wireTypeDefs>
						<spirit:wireTypeDef>
							<spirit:typeName>std_logic</spirit:typeName>
							<spirit:viewNameRef>xilinx_vhdlsynthesis</spirit:viewNameRef>
							<spirit:viewNameRef>xilinx_vhdlbehavioralsimulation</spirit:viewNameRef>
						</spirit:wireTypeDef>
					</spirit:wireTypeDefs>
				</spirit:wire>
			</spirit:port>
			<spirit:port>
				<spirit:name>s00_axi_rready</spirit:name>
				<spirit:wire>
					<spirit:direction>in</spirit:direction>
					<spirit:wireTypeDefs>
						<spirit:wireTypeDef>
							<spirit:typeName>std_logic</spirit:typeName>
							<spirit:viewNameRef>xilinx_vhdlsynthesis</spirit:viewNameRef>
							<spirit:viewNameRef>xilinx_vhdlbehavioralsimulation</spirit:viewNameRef>
						</spirit:wireTypeDef>
					</spirit:wireTypeDefs>
				</spirit:wire>
			</spirit:port>
		</spirit:ports>
		<spirit:modelParameters>
			<spirit:modelParameter xsi:type="spirit:nameValueTypeType"
					spirit:dataType="string">
				<spirit:name>C_FAMILY</spirit:name>
				<spirit:value spirit:format="string"
						spirit:resolve="generated"
						spirit:id="MODELPARAM_VALUE.C_FAMILY">zynq</spirit:value>
			</spirit:modelParameter>
			<spirit:modelParameter spirit:dataType="integer">
				<spirit:name>C_S00_AXI_DATA_WIDTH</spirit:name>
				<spirit:displayName>C_S00_AXI_DATA_WIDTH</spirit:displayName>
				<spirit:value spirit:format="long"
						spirit:resolve="generated"
						spirit:id="MODELPARAM_VALUE.C_S00_AXI_DATA_WIDTH">32</spirit:value>
			</spirit:modelParameter>
			<spirit:modelParameter spirit:dataType="integer">
				<spirit:name>C_S00_AXI_ADDR_WIDTH</spirit:name>
				<spirit:displayName>C_S00_AXI_ADDR_WIDTH</spirit:displayName>
				<spirit:value spirit:format="long"
						spirit:resolve="generated"
						spirit:id="MODELPARAM_VALUE.C_S00_AXI_ADDR_WIDTH">8</spirit:value>
			</spirit:modelParameter>
		</spirit:modelParameters>
	</spirit:model>
	<spirit:choices>
		<spirit:choice>
			<spirit:name>choices_0</spirit:name>
			<spirit:enumeration>32</spirit:enumeration>
		</spirit:choice>
		<spirit:choice>
			<spirit:name>choices_1</spirit:name>
			<spirit:enumeration>4</spirit:enumeration>
			<spirit:enumeration>8</spirit:enumeration>
		</spirit:choice>
		<spirit:choice>
			<spirit:name>choices_2</spirit:name>
			<spirit:enumeration>empty</spirit:enumeration>
		</spirit:choice>
		<spirit:choice>
			<spirit:name>choices_3</spirit:name>
			<spirit:enumeration>8</spirit:enumeration>
			<spirit:enumeration>10</spirit:enumeration>
		</spirit:choice>
		<spirit:choice>
			<spirit:name>choices_4</spirit:name>
			<spirit:enumeration>0 1</spirit:enumeration>
		</spirit:choice>
		<spirit:choice>
			<spirit:name>choices_5</spirit:name>
			<spirit:enumeration>0 1</spirit:enumeration>
		</spirit:choice>
	</spirit:choices>
	<spirit:fileSets>
		<spirit:fileSet>
			<spirit:name>xilinx_vhdlsynthesis_view_fileset</spirit:name>
			<spirit:file>
				<spirit:name>hdl/onsemi_vita_spi_v3_1_S00_AXI.vhd</spirit:name>
				<spirit:fileType>vhdlSource</spirit:fileType>
				<spirit:logicalName>work</spirit:logicalName>
			</spirit:file>
			<spirit:file>
				<spirit:name>hdl/onsemi_vita_spi_v3_1.vhd</spirit:name>
				<spirit:fileType>vhdlSource</spirit:fileType>
				<spirit:logicalName>work</spirit:logicalName>
			</spirit:file>
			<spirit:file>
				<spirit:name>hdl/afifo_32.vhd</spirit:name>
				<spirit:fileType>vhdlSource</spirit:fileType>
				<spirit:logicalName>work</spirit:logicalName>
			</spirit:file>
			<spirit:file>
				<spirit:name>hdl/spi_top.vhd</spirit:name>
				<spirit:fileType>vhdlSource</spirit:fileType>
				<spirit:logicalName>work</spirit:logicalName>
			</spirit:file>
			<spirit:file>
				<spirit:name>hdl/spi_seq.vhd</spirit:name>
				<spirit:fileType>vhdlSource</spirit:fileType>
				<spirit:logicalName>work</spirit:logicalName>
			</spirit:file>
			<spirit:file>
				<spirit:name>hdl/onsemi_vita_spi_core.vhd</spirit:name>
				<spirit:fileType>vhdlSource</spirit:fileType>
				<spirit:logicalName>work</spirit:logicalName>
			</spirit:file>
			<spirit:file>
				<spirit:name>hdl/spi_lowlevel.vhd</spirit:name>
				<spirit:fileType>vhdlSource</spirit:fileType>
				<spirit:userFileType>CHECKSUM_39fd57fc</spirit:userFileType>
				<spirit:logicalName>work</spirit:logicalName>
			</spirit:file>
		</spirit:fileSet>
		<spirit:fileSet>
			<spirit:name>xilinx_vhdlbehavioralsimulation_view_fileset</spirit:name>
			<spirit:file>
				<spirit:name>hdl/onsemi_vita_spi_v3_1_S00_AXI.vhd</spirit:name>
				<spirit:fileType>vhdlSource</spirit:fileType>
				<spirit:logicalName>work</spirit:logicalName>
			</spirit:file>
			<spirit:file>
				<spirit:name>hdl/onsemi_vita_spi_v3_1.vhd</spirit:name>
				<spirit:fileType>vhdlSource</spirit:fileType>
				<spirit:logicalName>work</spirit:logicalName>
			</spirit:file>
			<spirit:file>
				<spirit:name>hdl/afifo_32.vhd</spirit:name>
				<spirit:fileType>vhdlSource</spirit:fileType>
				<spirit:logicalName>work</spirit:logicalName>
			</spirit:file>
			<spirit:file>
				<spirit:name>hdl/spi_top.vhd</spirit:name>
				<spirit:fileType>vhdlSource</spirit:fileType>
				<spirit:logicalName>work</spirit:logicalName>
			</spirit:file>
			<spirit:file>
				<spirit:name>hdl/spi_seq.vhd</spirit:name>
				<spirit:fileType>vhdlSource</spirit:fileType>
				<spirit:logicalName>work</spirit:logicalName>
			</spirit:file>
			<spirit:file>
				<spirit:name>hdl/onsemi_vita_spi_core.vhd</spirit:name>
				<spirit:fileType>vhdlSource</spirit:fileType>
				<spirit:logicalName>work</spirit:logicalName>
			</spirit:file>
			<spirit:file>
				<spirit:name>hdl/spi_lowlevel.vhd</spirit:name>
				<spirit:fileType>vhdlSource</spirit:fileType>
				<spirit:logicalName>work</spirit:logicalName>
			</spirit:file>
		</spirit:fileSet>
		<spirit:fileSet>
			<spirit:name>xilinx_xpgui_view_fileset</spirit:name>
			<spirit:file>
				<spirit:name>xgui/onsemi_vita_spi_v3_1.tcl</spirit:name>
				<spirit:fileType>tclSource</spirit:fileType>
				<spirit:userFileType>XGUI_VERSION_2</spirit:userFileType>
				<spirit:userFileType>CHECKSUM_326e8a84</spirit:userFileType>
			</spirit:file>
		</spirit:fileSet>
		<spirit:fileSet>
			<spirit:name>bd_tcl_view_fileset</spirit:name>
			<spirit:file>
				<spirit:name>bd/bd.tcl</spirit:name>
				<spirit:fileType>tclSource</spirit:fileType>
			</spirit:file>
		</spirit:fileSet>
	</spirit:fileSets>
	<spirit:description>ON Semiconductor VITA SPI Controller</spirit:description>
	<spirit:parameters>
		<spirit:parameter>
			<spirit:name>C_S00_AXI_DATA_WIDTH</spirit:name>
			<spirit:displayName>C_S00_AXI_DATA_WIDTH</spirit:displayName>
			<spirit:description>Width of S_AXI data bus</spirit:description>
			<spirit:value spirit:format="long"
					spirit:resolve="user"
					spirit:id="PARAM_VALUE.C_S00_AXI_DATA_WIDTH"
					spirit:order="10000"
					spirit:configGroups="1 UnGrouped"
					spirit:minimum="0"
					spirit:rangeType="long">32</spirit:value>
		</spirit:parameter>
		<spirit:parameter>
			<spirit:name>C_S00_AXI_ADDR_WIDTH</spirit:name>
			<spirit:displayName>C_S00_AXI_ADDR_WIDTH</spirit:displayName>
			<spirit:description>Width of S_AXI address bus</spirit:description>
			<spirit:value spirit:format="long"
					spirit:resolve="user"
					spirit:id="PARAM_VALUE.C_S00_AXI_ADDR_WIDTH"
					spirit:order="10100"
					spirit:configGroups="1 UnGrouped"
					spirit:minimum="0"
					spirit:rangeType="long">8</spirit:value>
		</spirit:parameter>
		<spirit:parameter>
			<spirit:name>C_S00_AXI_BASEADDR</spirit:name>
			<spirit:displayName>C_S00_AXI_BASEADDR</spirit:displayName>
			<spirit:value spirit:format="bitString"
					spirit:resolve="generated"
					spirit:id="PARAM_VALUE.C_S00_AXI_BASEADDR"
					spirit:order="10200"
					spirit:configGroups="1 UnGrouped"
					spirit:bitStringLength="32">0xFFFFFFFF</spirit:value>
		</spirit:parameter>
		<spirit:parameter>
			<spirit:name>C_S00_AXI_HIGHADDR</spirit:name>
			<spirit:displayName>C_S00_AXI_HIGHADDR</spirit:displayName>
			<spirit:value spirit:format="bitString"
					spirit:resolve="generated"
					spirit:id="PARAM_VALUE.C_S00_AXI_HIGHADDR"
					spirit:order="10300"
					spirit:configGroups="1 UnGrouped"
					spirit:bitStringLength="32">0x00000000</spirit:value>
		</spirit:parameter>
		<spirit:parameter>
			<spirit:name>Component_Name</spirit:name>
			<spirit:value spirit:resolve="user"
					spirit:id="PARAM_VALUE.Component_Name"
					spirit:order="1">onsemi_vita_spi_v3_1</spirit:value>
		</spirit:parameter>
		<spirit:parameter>
			<spirit:name>C_DEBUG_PORT</spirit:name>
			<spirit:displayName>Enable Debug Ports</spirit:displayName>
			<spirit:description>Enable Debug Ports</spirit:description>
			<spirit:value spirit:format="bool"
					spirit:resolve="user"
					spirit:id="PARAM_VALUE.C_DEBUG_PORT"
					spirit:order="10700"
					spirit:configGroups="1 UnGrouped">FALSE</spirit:value>
		</spirit:parameter>
	</spirit:parameters>
	<spirit:vendorExtensions>
		<xilinx:coreExtensions>
			<xilinx:supportedFamilies>
				<xilinx:family xilinx:lifeCycle="Production">kintex7</xilinx:family>
				<xilinx:family xilinx:lifeCycle="Production">virtex7</xilinx:family>
				<xilinx:family xilinx:lifeCycle="Production">artix7</xilinx:family>
				<xilinx:family xilinx:lifeCycle="Production">zynq</xilinx:family>
			</xilinx:supportedFamilies>
			<xilinx:taxonomies>
				<xilinx:taxonomy>/Video_&amp;_Image_Processing</xilinx:taxonomy>
			</xilinx:taxonomies>
			<xilinx:displayName>ON Semiconductor VITA SPI Controller</xilinx:displayName>
			<xilinx:vendorDisplayName>Avnet</xilinx:vendorDisplayName>
			<xilinx:vendorURL>http://em.avnet.com</xilinx:vendorURL>
			<xilinx:coreRevision>3</xilinx:coreRevision>
			<xilinx:coreCreationDateTime>2015-01-28T21:05:22Z</xilinx:coreCreationDateTime>
			<xilinx:tags>
				<xilinx:tag xilinx:name="avnet:onsemi_vita:onsemi_vita_spi:3.1_ARCHIVE_LOCATION">C:/Avnet/hdl/IP/onsemi_vita_spi</xilinx:tag>
			</xilinx:tags>
		</xilinx:coreExtensions>
		<xilinx:packagingInfo>
			<xilinx:xilinxVersion>2015.4</xilinx:xilinxVersion>
			<xilinx:checksum xilinx:scope="busInterfaces"
					xilinx:value="51ef14fd"/>
			<xilinx:checksum xilinx:scope="memoryMaps"
					xilinx:value="c563a989"/>
			<xilinx:checksum xilinx:scope="fileGroups"
					xilinx:value="db11b082"/>
			<xilinx:checksum xilinx:scope="ports"
					xilinx:value="abeef41d"/>
			<xilinx:checksum xilinx:scope="hdlParameters"
					xilinx:value="2881e017"/>
			<xilinx:checksum xilinx:scope="parameters"
					xilinx:value="07a21d7e"/>
		</xilinx:packagingInfo>
	</spirit:vendorExtensions>
</spirit:component>
